11876380	Beijing	Beijing	bei jing shi,北京市	39.89056	116.41549	A	ADM2	CN		22	11876380			0		49	Asia/Shanghai	2018-06-07
12324204	Shanghai Municipality	Shanghai Municipality	shang hai shi,上海市	31.16461	121.38988	A	ADM2	CN		23	12324204			0		6	Asia/Shanghai	2021-09-19
1786429	Yi Xian	Yi Xian	I Hsien,Yi Xian,yi xian,黟县	30.01427	117.90309	A	ADM3	CN		01	3410	1786429		0		758	Asia/Shanghai	2024-02-18
1787956	Xuhui Qu	Xuhui Qu	Hsu-hui Ch'u,Hsu-hui Shih-ch'u,Hsu-hui Shih-ch’ü,Hsuhui District,Hsü-hui Ch’ü,Xuhui,Xuhui District,Xuhui Qu,xu hui,xu hui qu,徐汇,徐汇区	31.1637	121.42799	A	ADM3	CN		23	12324204	1787956		1085130		8	Asia/Shanghai	2024-02-16
1792358	Tunxi Qu	Tunxi Qu	T'un-hsi Shih,Tunxi,Tunxi Qu,Tunxi Shi,T’un-hsi Shih,tun xi,tun xi qu,屯溪,屯溪区	29.70797	118.33171	A	ADM3	CN		01	3410	1792358		0		136	Asia/Shanghai	2024-02-18
1796231	Shanghai Shi	Shanghai Shi	Municipalite de Shanghai,Municipalité de Shanghai,Regierungsunmittelbare Stadt Shanghai,Sanxay,Shang-hai Shih,Shanghai,Shanghai Municipality,Shanghai Shi,Shanghái,Shankhaj,Shanxay,Shànghǎi Shì,Xangai,hu,sangha'i,shang hai,shang hai shi,shanghay,shaniግhayi,shanګhay,Şanxay,Шанхай,شانګهای,شانگهای,সাংঘাই,ਸ਼ਾਂਘਾਈ,ሻንግሃይ,上海,上海市,沪	31.16667	121.41667	A	ADM1	CN		23				24874500		8	Asia/Shanghai	2026-04-16
1796236	Shanghai	Shanghai	Gaa Ding,Ka Ting,SHA,San'nkae,Sanchajus,Sangaj,Sangay,Sanghaj,Sanghay,Sanhaja,Sanhajo,Sanxay,Schanghai,Seung hoi,Shang-hai,Shang-hai-shih,Shangai,Shangaj,Shanghai,Shanghai City,Shankhaj,Shanxay,Sheung Hoi,Shànghǎi,Sjanghae,Sjanghai,Sjanghæ,Szanghaj,Thuong Hai,Thượng Hải,Xangai,cankay,hu,sagha'i,sangha'i,sanghae,sanghai,seiynghi,shang hai,shang hai shi,shanghay,shanghhay,shanhai,shaniግhayi,shnghay,shngھayy,zhong guo shang hai,Ŝanhajo,Şangay,Şanghay,Şanxay,Šanchajus,Šangaj,Šanghaj,Šanhaja,Σανγκάη,Шангај,Шанхай,שאנגחאי,شانغهاي,شانگهای,شاڭخەي,شاڭخەي شەھىرى,شنگهای,شنگھائی,शंघाई,সাংঘাই,ਸ਼ੰਘਾਈ,சாங்காய்,เซี่ยงไฮ้,ཧང་ཧའ་གང་ཁར།,ཧྲང་ཧའེ་གྲོང་ཁྱེར།,შანჰაი,ሻንግሃይ,上海,上海市,中国上海,沪,상하이,상해	31.22222	121.45806	P	PPLA	CN		23	12324204			24874500		12	Asia/Shanghai	2026-08-26
1806775	Huangshan Shi	Huangshan Shi	Huangshan,Huangshan Shi,Hui-chou Chuan-ch'u,Hui-chou Chuan-ch’ü,Hui-chou Ti-ch'u,Hui-chou Ti-ch’ü,Huizhou Diqu,huang shan,huang shan shi,黄山,黄山市	29.89195	118.10553	A	ADM2	CN		01	3410			0		601	Asia/Shanghai	2018-12-06
1809103	Haidian Qu	Haidian Qu	Hai-tien Ch'u,Hai-tien Ch’ü,Haidian,Haidian Qu,hai dian,hai dian qu,海淀,海淀区	40.03102	116.22108	A	ADM3	CN		22	11876380	1809103		2240124		58	Asia/Shanghai	2018-06-07
1815402	Chaoyang Qu	Chaoyang Qu	Ch'ao-yang Ch'u,Chaoyang,Chaoyang District,Chaoyang Qu,Ch’ao-yang Ch’ü,chao yang,chao yang qu,朝阳,朝阳区	39.95462	116.5029	A	ADM3	CN		22	11876380	1815402		3402000		40	Asia/Shanghai	2024-05-13
1816670	Beijing	Beijing	BJS,Bac Kinh,Baek-ging,Baekging,Bak Ging,Bak Ping,Behehzhin,Beijing,Beijing City,Beijing Shi,Beising,Beixin,Beixín,Bejdzing,Bejdżing,Bejing,Beyjing,Beȝcinȝ,Báe̤k-gĭng,Béising,Běijīng,Bắc Kinh,Dai Dou,Pechin,Pechino,Pechinu,Pechinum,Pecinum,Pei-ching,Pei-ching-shih,Pei-p'ing,Pei-p'ing-shih,Peken,Pekin,Pekin',Pekina,Pekinas,Peking,Pekini,Pekino,Pekín,Pekîn,Peping,Pequim,Pequin,Pequín,Pet-kin,Pet-kîn,Peycing,Pikkin,Pèquin,Pékin,Péqùin,Péycing,Pʻekʻin,Yin Ging,be'ijim,be'ijina,be'ijinga,bei jing,bei jing shi,beidjin,beijing,bijiga,bijing,bijinga,bkyn,buggyeong,byjng,bykyn,byyg'yng,byyzsyng,pakking,peyjin,pkn,Πεκίνο,Бейжің,Бээжин,Бәәҗң балһсн,Пекин,Пекинг,Пекін,Пекінґ,Պեկին,Փեքին,בייג'ינג,בייזשינג,بكين,بيكين,بیجنگ,بېجینګ,بېيجىڭ,بېيجىڭ شەھىرى,پکن,پێکەن,ބީޖިންގ,बीजिंग,बेइजिङ,বেইজিং,ਬੀਜਿੰਗ,બેઇજિંગ,பெய்ஜிங்,బీజింగ్,ಬೀಜಿಂಗ್,ബെയ്‌ജിങ്ങ്‌,බෙයිජිං,ปักกิ่ง,པེ་ཅིང་གྲོང་ཁྱེར།,ပေကျင်းမြို့,პეკინი,ቤዪጂንግ,ប៉េកាំង,北京,北京市,베이징,북경	39.9075	116.39723	P	PPLC	CN		22	11876380			18960744		49	Asia/Shanghai	2025-12-15
1818058	Anhui	Anhui	An Huy,An'chouei,An'khoj,An'khuj muzh,An-chuej,Anhoy,Anhui,Anhui Province,Anhui sheng,Anhuj,Anhwei,Anhwei Province,Ankhoj,Ankhuej,Ankhuj,Anҳuj,Nganhui,Nganhwei,Province d'Anhui,an hui,an hui sheng,anahu'i,anhu'i,anhu-iseong,anhwy,anhwyy,wan,Ānhuī,Ānhuī shěng,ʼnhwwy,ʿeniሁyi,Ανχουέι,Анхой,Анхуеј,Анхуй,Аньхой,Аньхуй муж,Анҳуй,אנחווי,آنهویی,انهوي,আনহুই,ਅਨ੍ਹੁਈ,ཨན་ཧའ་ཞང་ཆན།,ཨན་ཧུའེ་ཞིང་ཆེན།,አንሁይ,安徽,安徽省,皖,안후이성	31.91667	117.16667	A	ADM1	CN		01				61027171		27	Asia/Shanghai	2026-04-16
2038349	Beijing Shi	Beijing Shi	Behjzhin,Beijing,Beijing Municipality,Beijing Shi,Bejzhin,Bəjzhiң,Bəjҗin,Municipalite de Pekin,Municipalité de Pékin,Pei-p'ing Shih,Pei-p’ing Shih,Peiping Municipal Administrative Area,Peiping Municipality,Pekin,Peking,Peking Municipality,Pekín,Pequim,be'ijiga,be'ijim,bei jing,bei jing shi,beyijiniግ,byjnګ,pkn,Бејжин,Бэйжин,Бәйжің,Бәйҗин,بیجنګ,پکن,বেইজিং,ਬੇਇਜਿੰਗ,ቤይጂንግ,北京,北京市	39.91691	116.39706	A	ADM1	CN		22				14933274		51	Asia/Shanghai	2026-04-16
2968815	Paris	Paris	Departamento de Paris,Departamento de París,Departement Parijs,Departement Paris,Departement de Paris,Département Paris,Département de Paris,Parigi,Parijs,Paris,Paris Department,París,Provincia di Parigi	48.8534	2.3486	A	ADM2	FR		11	75			2048472		35	Europe/Paris	2026-08-12
2988506	Paris	Paris	Paras,Parigi,Paris,París,Páras	48.85339	2.34864	A	ADM3	FR		11	75	751		4380654		35	Europe/Paris	2022-03-27
2988507	Paris	Paris	Baariis,Bahliz,Baris,Bariz,Lungsod ng Paris,Lutece,Lutetia,Lutetia Parisorum,Lutèce,PAR,Pa-ri,Paarys,Palika,Paname,Pantruche,Paraeis,Paras,Pari,Paries,Parigge,Pariggi,Parighji,Parigi,Pariis,Pariisi,Pariizu,Pariižu,Parij,Parijs,Paris,Parisi,Parixe,Pariz,Parize,Parizh,Parizh osh,Parizh',Parizo,Parizs,Pariž,Parys,Paryz,Paryzh,Paryzius,Paryż,Paryžius,Paräis,París,Paríž,Parîs,Parĩ,Parī,Parīze,Paříž,Páras,Párizs,Pʻariz,Ville-Lumiere,Ville-Lumière,ba li,barys,pairisa,pali,pari,paris,parys,paryzh,perisa,pryz,pyaris,pyarisa,pyrs,Παρίσι,Париж,Париж ош,Парижь,Париз,Парис,Парыж,Паріж,Բարիզ,Փարիզ,פאריז,פריז,باريس,پارىژ,پاريس,پاریس,پیرس,ܦܐܪܝܣ,पॅरिस,पेरिस,पैरिस,প্যারিস,ਪੈਰਿਸ,પૅરિસ,பாரிஸ்,పారిస్,ಪ್ಯಾರಿಸ್,പാരിസ്,ปารีส,ཕ་རི།,ပါရီမြို့,პარიზი,ፓሪስ,ប៉ារីស,パリ,巴黎,파리	48.85341	2.3488	P	PPLC	FR		11	75	751	75056	2138551		42	Europe/Paris	2026-02-23
3012874	Île-de-France	Ile-de-France	Enez-Frans,Enez-Frañs,Francilio (Parizio),Il d'o Frans,Il de Frans,Il de Fransas,Il'-de-Frans,Il'-deh-Frans,Il-de Frans,Il-de-Frans,Il-nte-Frans,Ila-de-France,Ildefransa,Ile de France,Ile-de-France,Ile-de-France Region,Ile-de-France suyu,Ile-de-Fraunce,Ile-ed-Franche,Ilha de Franca,Ilha de França,Illa de Franca,Illa de Francia,Illa de França,Insula Franciae,Insulo di Francia,Isla de Francia,Islla de Francia,Isola ed Fransa,Isula de Frantza,Region Ile-de-France,Region parisienne,Région parisienne,Région Île-de-France,ayl d frans,ayl dw frans,ayl-dw-frans,fa lan xi dao,fa lan xi dao da qu,faransa da tapu,il ta pirancu,il-de pransi,il-de-pransi,ila-da-fransa,ila-da-phransa,ildeupeulangseu,iru・do・furansu,rehgijon Il'-deh-Frans,xil-dex-f rxng s,Ìsola ëd Fransa,Ìsula de Frantza,Île-de-France,Île-de-France Region,Île-de-France suyu,Île-dé-Fraunce,İl de Frans,İl-de-Frans,Ιλ-ντε-Φρανς,Іль-де-Франс,Ил дьо Франс,Ил-де Франс,Ил-де-Франс,Иль-де-ФгӀанс,Иль-де-Франс,Иль-дэ-Франс,рэгіён Іль-дэ-Франс,Իլ տը Ֆրանս,Իլ-դը-Ֆրանս,איל-דה-פראנס,إيل دو فرانس,ال ڈ فغاس,ايل دو فرانس,ایل د فرانس,ایل دو فرانس,ایل-دو-فرانس,इल-दा-फ़्रान्स,इल-दा-फ्रान्स,ইল্‌-দ্য-ফ্রঁস,ਫ਼ਰਾਂਸ ਦਾ ਟਾਪੂ,இல் ட பிரான்சு,อิล-เดอ-ฟรองซ์,ილ-დე ფრანსი,ილ-დე-ფრანსი,ኢል-ደ-ፍራንስ,អ៊ីលដឺហ្រ្វែន,イル・ド・フランス,法兰西岛,法兰西岛大区,法蘭西島大區,일드프랑스	48.7	2.5	A	ADM1	FR		11				12271794		53	Europe/Paris	2026-04-16
5128581	New York City	New York City	Aebura,Bandar Raya New York,Big Apple,Cathair Nua-Eabhrac,City of New York,Eabhraig Nuadh,Efrog Newydd,Evrek Nowydh,Ga-no-no,Kanon:no,Kanono,Kanón:no,Kota New York,Lungsod ng New York,N'ju-Jork,NY,NYC,Nea Yorke,Nei Yarrick Schtadt,Neu Amsterdam,Neu Jorck,New Amsterdam,New Orange,New Yorc,New York,New York City,New York Stad,New York borg,New York kenti,New York-borg,New Yorke,New Yorku,Niujorkas,Niw Eorkʻ,Nju Jork,Njujork,Nouvelle Yorck,Nouvieau York,Nov-Jorko,Nova Amsterda,Nova Iorque,Nova York,Nova-York,Novjorko,Novum Eboracum,Nowy Jork,Nua-Eabhrac,Nueva York,Nujorka,Nuova York,Nyja Jorvik,Nyu York Shehiri,Nyu Yorkʻ,Nòva York,Nýja Jórvík,Thanh pho New York,The Big Apple,Thành phố New York,York Berri,manhattan,n'yuyorka,ni'u iyarka siti,niu yue,niu yue shi,niyuyark nakaram,nkhr niwyxrk,nyuyog,nyuyog si,nyuyoku,nyw ywrq,nywywrk,Ņujorka,Νέα Υόρκη,Њу Јорк,Њујорк,Нью-Ёрк,Нью-Йорк,Ню Йорк,Նիւ Եորք,Նյու Յորք,ניו יארק,ניו יורק,ניו־יאָרק,نيويورك,نیویارک شہر,نیویورک,न्यूयॉर्क,নিউ ইয়র্ক সিটি,நியூயார்க் நகரம்,นครนิวยอร์ก,ნიუ-იორკი,ニューヨーク,マンハッタン,紐約,紐約市,뉴욕,뉴욕 시	40.71427	-74.00597	P	PPL	US		NY				8804190	10	57	America/New_York	2026-03-07
5128638	New York	New York	Cene Jork,Eabhraig Nuadh,Efrog Newydd,Empire State,Estado de Nova York,Estado de Nueva York,Etot d'New York,INyuyokhu,Kin Yótʼááh Deezʼá Hahoodzo,Mueva York,N'ju Jork,N'ju-Jork,N'ju-Jork Muzh Uls,NY,Nea Yorki,Nei Yarrick,Neu Jorck,Neuvo York,New Jork,New Nederlandt,New Netherland,New Netherlandes,New Yorgi osariik,New York,New York (Bundesstaat),New York Isifunda,New York State,New York suyu,New York-fylki,Nieuw Nederland,Niojuorks,Niu Iok Tubwangit,Niu Ioka,Niu Yark,Niu Yoka,Niu York,Niujorko valstija,Niwe Eoforwic,Niwu Yɔrkɩ,Niú Yárk,Nju Jork,Nju Yoorg,Njujork,Noa York,Nou Yok,Nou Yòk,Nouvelle Yorck,Nov-Jorkio,Nova Iorque,Nova York,Nova-York,Novum Eboracum,Nowi Jork,Nowy Jork,Nu Yok,Nua-Eabhrac,Nueva York,Nuioka,Nujorka,Nuova York,Nyjork,Nyu York,Nyu york Shtati,Nyu-York,Nyu-York stati,Nyu-York staty,Nyu-York ştatı,Nyuu Yaak,Nyuyork Shitati,Nêuvo York,Nòva York,Nú Yọk,Nýu-Ýork ştaty,Nīwe Eoforwic,Pyahu Iork,Shin Jork,Stat Evrek Nowydh,State of New York,Stato di New York,Tchiaq York,Yancuic York,Yancuīc York,York Noa,ijolati Nju-Jork,n'yu yark,n'yu yarka,n'yu yorka,n'yuyark,n'yuyorka,nhu yarka,ni'u iyarka,ni'u yarka,ni'uyaraka,niu,niu yue zhou,niyu york manilam,nyuyogju,nyuyokeu ju,nyuyoku zhou,nyw yark,nyw ywrq,nywyark,nywywrk,nywywrk ayalt,nywywrk ayalty,rath niwyxrk,wlayt nywywrk,Çĕнĕ Йорк,Étot d'New York,Ņujorka,Νέα Υόρκη,Њујорк,Нью Йорк,Нью-Ёрк,Нью-Йорк,Нью-Йорк Муж Улс,Ню Йорк,Шин Йорк,иёлати Ню-Йорк,Նիւ Եորք,Նյու Յորք,ניו יארק,ניו יורק,نيو يارڪ,نيويارک,نيويورك,نیو یارک,نیویارک,نیویورک,نیویورک ایالت,نیویورک ایالتی,نیویۆرک,ولاية نيويورك,ܢܝܘ ܝܘܪܩ,ߣߌߦߥ ߦߐߙߞ,न्यु यर्क,न्यू यार्क्,न्यू यॉर्क,न्यू योर्क,न्यूयॉर्क,न्हु यर्क,নিউ ইয়র্ক,ਨਿਊਯਾਰਕ,ન્યુ યોર્ક,ନିଉ ୟର୍କ,நியூ யோர்க் மாநிலம்,న్యూయార్క్,ನ್ಯೂ ಯಾರ್ಕ್,ന്യൂയോർക്ക്,නිව්යෝර්ක්,รัฐนิวยอร์ก,ລັດນີວຢອກ,နယူးယောက်ပြည်နယ်,ნიუ-იორკი,ნიუ-იორკიშ შტატი,ኒው ዮርክ,ᏄᏯᎩ,ᓂᐅ ᐃᐅᕐᒃ,ញូវយ៉ក,ニューヨーク州,紐約州,纽约州,ꯅ꯭ꯌꯨ ꯌꯣꯔ꯭ꯛ,뉴요크 주,뉴욕주,𐌽𐌹𐌿 𐌹𐌰𐌿𐍂𐌺	43.00035	-75.4999	A	ADM1	US		NY				19867248	281	278	America/New_York	2026-04-16
6455259	Paris	Paris	75056,Paris	48.86	2.34444	A	ADM4	FR		11	75	751	75056	2190327		54	Europe/Paris	2019-03-23
